draft_player_id,draft_player_name,current_fpl_player_id,current_fpl_player_name,suggested_fpl_player_id,suggested_fpl_player_name,status,manual_override,notes
1,Raya,1,Raya,,,MATCH / UNVERIFIED,no,Suggestions use unique exact normalized names ONLY; verify manually.
2,Arrizabalaga,2,Arrizabalaga,,,MATCH / UNVERIFIED,no,Suggestions use unique exact normalized names ONLY; verify manually.
3,Meslier,3,Meslier,,,MATCH / UNVERIFIED,no,Suggestions use unique exact normalized names ONLY; verify manually.
4,Gabriel,4,Gabriel,,,MATCH / UNVERIFIED,no,Suggestions use unique exact normalized names ONLY; verify manually.
5,J.Timber,5,J.Timber,,,MATCH / UNVERIFIED,no,Suggestions use unique exact normalized names ONLY; verify manually.
6,Saliba,6,Saliba,,,MATCH / UNVERIFIED,no,Suggestions use unique exact normalized names ONLY; verify manually.
7,Lewis-Skelly,7,Lewis-Skelly,,,MATCH / UNVERIFIED,no,Suggestions use unique exact normalized names ONLY; verify manually.
8,Calafiori,8,Calafiori,,,MATCH / UNVERIFIED,no,Suggestions use unique exact normalized names ONLY; verify manually.
9,Hincapie,9,Hincapie,,,MATCH / UNVERIFIED,no,Suggestions use unique exact normalized names ONLY; verify manually.
10,White,10,White,,,MATCH / UNVERIFIED,no,Suggestions use unique exact normalized names ONLY; verify manually.
11,Mosquera,11,Mosquera,,,MATCH / UNVERIFIED,no,Suggestions use unique exact normalized names ONLY; verify manually.
12,Saka,12,Saka,,,MATCH / UNVERIFIED,no,Suggestions use unique exact normalized names ONLY; verify manually.
13,Rice,13,Rice,,,MATCH / UNVERIFIED,no,Suggestions use unique exact normalized names ONLY; verify manually.
14,Eze,14,Eze,,,MATCH / UNVERIFIED,no,Suggestions use unique exact normalized names ONLY; verify manually.
15,Ødegaard,15,Ødegaard,,,MATCH / UNVERIFIED,no,Suggestions use unique exact normalized names ONLY; verify manually.
16,Madueke,16,Madueke,,,MATCH / UNVERIFIED,no,Suggestions use unique exact normalized names ONLY; verify manually.
17,Merino,17,Merino,,,MATCH / UNVERIFIED,no,Suggestions use unique exact normalized names ONLY; verify manually.
18,Martinelli,18,Martinelli,,,MATCH / UNVERIFIED,no,Suggestions use unique exact normalized names ONLY; verify manually.
19,Zubimendi,19,Zubimendi,,,MATCH / UNVERIFIED,no,Suggestions use unique exact normalized names ONLY; verify manually.
20,Dowman,20,Dowman,,,MATCH / UNVERIFIED,no,Suggestions use unique exact normalized names ONLY; verify manually.
21,Nørgaard,21,Nørgaard,,,MATCH / UNVERIFIED,no,Suggestions use unique exact normalized names ONLY; verify manually.
22,Nwaneri,22,Nwaneri,,,MATCH / UNVERIFIED,no,Suggestions use unique exact normalized names ONLY; verify manually.
23,Fábio Vieira,23,Fábio Vieira,,,MATCH / UNVERIFIED,no,Suggestions use unique exact normalized names ONLY; verify manually.
24,Nelson,24,Nelson,,,MATCH / UNVERIFIED,no,Suggestions use unique exact normalized names ONLY; verify manually.
25,Gyökeres,25,Gyökeres,,,MATCH / UNVERIFIED,no,Suggestions use unique exact normalized names ONLY; verify manually.
26,Havertz,26,Havertz,,,MATCH / UNVERIFIED,no,Suggestions use unique exact normalized names ONLY; verify manually.
27,G.Jesus,27,G.Jesus,,,MATCH / UNVERIFIED,no,Suggestions use unique exact normalized names ONLY; verify manually.
28,Martinez,28,Martinez,,,MATCH / UNVERIFIED,no,Suggestions use unique exact normalized names ONLY; verify manually.
29,M.Bizot,29,M.Bizot,,,MATCH / UNVERIFIED,no,Suggestions use unique exact normalized names ONLY; verify manually.
30,Digne,30,Digne,,,MATCH / UNVERIFIED,no,Suggestions use unique exact normalized names ONLY; verify manually.
31,Konsa,31,Konsa,,,MATCH / UNVERIFIED,no,Suggestions use unique exact normalized names ONLY; verify manually.
32,Cash,32,Cash,,,MATCH / UNVERIFIED,no,Suggestions use unique exact normalized names ONLY; verify manually.
33,Mings,33,Mings,,,MATCH / UNVERIFIED,no,Suggestions use unique exact normalized names ONLY; verify manually.
34,Pau,34,Pau,,,MATCH / UNVERIFIED,no,Suggestions use unique exact normalized names ONLY; verify manually.
35,Bogarde,35,Bogarde,,,MATCH / UNVERIFIED,no,Suggestions use unique exact normalized names ONLY; verify manually.
36,Maatsen,36,Maatsen,,,MATCH / UNVERIFIED,no,Suggestions use unique exact normalized names ONLY; verify manually.
37,Lindelöf,37,Lindelöf,,,MATCH / UNVERIFIED,no,Suggestions use unique exact normalized names ONLY; verify manually.
38,A.García,38,A.García,,,MATCH / UNVERIFIED,no,Suggestions use unique exact normalized names ONLY; verify manually.
39,Nedeljkovic,39,Nedeljkovic,,,MATCH / UNVERIFIED,no,Suggestions use unique exact normalized names ONLY; verify manually.
40,Rogers,40,Rogers,,,MATCH / UNVERIFIED,no,Suggestions use unique exact normalized names ONLY; verify manually.
41,Buendía,41,Buendía,,,MATCH / UNVERIFIED,no,Suggestions use unique exact normalized names ONLY; verify manually.
42,Guessand,42,Guessand,,,MATCH / UNVERIFIED,no,Suggestions use unique exact normalized names ONLY; verify manually.
43,Tielemans,43,Tielemans,,,MATCH / UNVERIFIED,no,Suggestions use unique exact normalized names ONLY; verify manually.
44,Bailey,44,Bailey,,,MATCH / UNVERIFIED,no,Suggestions use unique exact normalized names ONLY; verify manually.
45,McGinn,45,McGinn,,,MATCH / UNVERIFIED,no,Suggestions use unique exact normalized names ONLY; verify manually.
46,Barkley,46,Barkley,,,MATCH / UNVERIFIED,no,Suggestions use unique exact normalized names ONLY; verify manually.
47,Kamara,47,Kamara,,,MATCH / UNVERIFIED,no,Suggestions use unique exact normalized names ONLY; verify manually.
48,Onana,48,Onana,,,MATCH / UNVERIFIED,no,Suggestions use unique exact normalized names ONLY; verify manually.
49,Iling Jr,49,Iling Jr,,,MATCH / UNVERIFIED,no,Suggestions use unique exact normalized names ONLY; verify manually.
50,Burrowes,50,Burrowes,,,MATCH / UNVERIFIED,no,Suggestions use unique exact normalized names ONLY; verify manually.
51,George Hemmings,51,George Hemmings,,,MATCH / UNVERIFIED,no,Suggestions use unique exact normalized names ONLY; verify manually.
52,Alysson,52,Alysson,,,MATCH / UNVERIFIED,no,Suggestions use unique exact normalized names ONLY; verify manually.
53,Manzambi,53,Manzambi,,,MATCH / UNVERIFIED,no,Suggestions use unique exact normalized names ONLY; verify manually.
54,Gomes,54,Gomes,,,MATCH / UNVERIFIED,no,Suggestions use unique exact normalized names ONLY; verify manually.
55,Watkins,55,Watkins,,,MATCH / UNVERIFIED,no,Suggestions use unique exact normalized names ONLY; verify manually.
56,Abraham,56,Abraham,,,MATCH / UNVERIFIED,no,Suggestions use unique exact normalized names ONLY; verify manually.
57,Petrović,57,Petrović,,,MATCH / UNVERIFIED,no,Suggestions use unique exact normalized names ONLY; verify manually.
58,Forster,58,Forster,,,MATCH / UNVERIFIED,no,Suggestions use unique exact normalized names ONLY; verify manually.
59,Dennis,59,Dennis,,,MATCH / UNVERIFIED,no,Suggestions use unique exact normalized names ONLY; verify manually.
60,Hill,60,Hill,,,MATCH / UNVERIFIED,no,Suggestions use unique exact normalized names ONLY; verify manually.
61,Truffert,61,Truffert,,,MATCH / UNVERIFIED,no,Suggestions use unique exact normalized names ONLY; verify manually.
62,Diakité,62,Diakité,,,MATCH / UNVERIFIED,no,Suggestions use unique exact normalized names ONLY; verify manually.
63,Milosavljević,63,Milosavljević,,,MATCH / UNVERIFIED,no,Suggestions use unique exact normalized names ONLY; verify manually.
64,Smith,64,Smith,,,MATCH / UNVERIFIED,no,Suggestions use unique exact normalized names ONLY; verify manually.
65,J.Araujo,65,J.Araujo,,,MATCH / UNVERIFIED,no,Suggestions use unique exact normalized names ONLY; verify manually.
66,Soler,66,Soler,,,MATCH / UNVERIFIED,no,Suggestions use unique exact normalized names ONLY; verify manually.
67,Rayan,67,Rayan,,,MATCH / UNVERIFIED,no,Suggestions use unique exact normalized names ONLY; verify manually.
68,Tavernier,68,Tavernier,,,MATCH / UNVERIFIED,no,Suggestions use unique exact normalized names ONLY; verify manually.
69,Scott,69,Scott,,,MATCH / UNVERIFIED,no,Suggestions use unique exact normalized names ONLY; verify manually.
70,Kluivert,70,Kluivert,,,MATCH / UNVERIFIED,no,Suggestions use unique exact normalized names ONLY; verify manually.
71,Cook,71,Cook,,,MATCH / UNVERIFIED,no,Suggestions use unique exact normalized names ONLY; verify manually.
72,Gannon-Doak,72,Gannon-Doak,,,MATCH / UNVERIFIED,no,Suggestions use unique exact normalized names ONLY; verify manually.
73,Adams,73,Adams,,,MATCH / UNVERIFIED,no,Suggestions use unique exact normalized names ONLY; verify manually.
74,Brooks,74,Brooks,,,MATCH / UNVERIFIED,no,Suggestions use unique exact normalized names ONLY; verify manually.
75,Christie,75,Christie,,,MATCH / UNVERIFIED,no,Suggestions use unique exact normalized names ONLY; verify manually.
76,Tóth.A,76,Tóth.A,,,MATCH / UNVERIFIED,no,Suggestions use unique exact normalized names ONLY; verify manually.
77,Adli,77,Adli,,,MATCH / UNVERIFIED,no,Suggestions use unique exact normalized names ONLY; verify manually.
78,Kroupi.Jr,78,Kroupi.Jr,,,MATCH / UNVERIFIED,no,Suggestions use unique exact normalized names ONLY; verify manually.
79,Evanilson,79,Evanilson,,,MATCH / UNVERIFIED,no,Suggestions use unique exact normalized names ONLY; verify manually.
80,Enes Ünal,80,Enes Ünal,,,MATCH / UNVERIFIED,no,Suggestions use unique exact normalized names ONLY; verify manually.
81,Rodríguez,81,Rodríguez,,,MATCH / UNVERIFIED,no,Suggestions use unique exact normalized names ONLY; verify manually.
82,Kelleher,82,Kelleher,,,MATCH / UNVERIFIED,no,Suggestions use unique exact normalized names ONLY; verify manually.
83,Valdimarsson,83,Valdimarsson,,,MATCH / UNVERIFIED,no,Suggestions use unique exact normalized names ONLY; verify manually.
84,Collins,84,Collins,,,MATCH / UNVERIFIED,no,Suggestions use unique exact normalized names ONLY; verify manually.
85,Van den Berg,85,Van den Berg,,,MATCH / UNVERIFIED,no,Suggestions use unique exact normalized names ONLY; verify manually.
86,Lewis-Potter,86,Lewis-Potter,,,MATCH / UNVERIFIED,no,Suggestions use unique exact normalized names ONLY; verify manually.
87,Ajer,87,Ajer,,,MATCH / UNVERIFIED,no,Suggestions use unique exact normalized names ONLY; verify manually.
88,Kayode,88,Kayode,,,MATCH / UNVERIFIED,no,Suggestions use unique exact normalized names ONLY; verify manually.
89,Henry,89,Henry,,,MATCH / UNVERIFIED,no,Suggestions use unique exact normalized names ONLY; verify manually.
90,Hickey,90,Hickey,,,MATCH / UNVERIFIED,no,Suggestions use unique exact normalized names ONLY; verify manually.
91,Pinnock,91,Pinnock,,,MATCH / UNVERIFIED,no,Suggestions use unique exact normalized names ONLY; verify manually.
92,Ji-soo,92,Ji-soo,,,MATCH / UNVERIFIED,no,Suggestions use unique exact normalized names ONLY; verify manually.
93,Schuster,93,Schuster,,,MATCH / UNVERIFIED,no,Suggestions use unique exact normalized names ONLY; verify manually.
94,Schade,94,Schade,,,MATCH / UNVERIFIED,no,Suggestions use unique exact normalized names ONLY; verify manually.
95,O.Dango,95,O.Dango,,,MATCH / UNVERIFIED,no,Suggestions use unique exact normalized names ONLY; verify manually.
96,Damsgaard,96,Damsgaard,,,MATCH / UNVERIFIED,no,Suggestions use unique exact normalized names ONLY; verify manually.
97,Jensen,97,Jensen,,,MATCH / UNVERIFIED,no,Suggestions use unique exact normalized names ONLY; verify manually.
98,Janelt,98,Janelt,,,MATCH / UNVERIFIED,no,Suggestions use unique exact normalized names ONLY; verify manually.
99,Milambo,99,Milambo,,,MATCH / UNVERIFIED,no,Suggestions use unique exact normalized names ONLY; verify manually.
100,Carvalho,100,Carvalho,,,MATCH / UNVERIFIED,no,Suggestions use unique exact normalized names ONLY; verify manually.
101,Henderson,101,Henderson,,,MATCH / UNVERIFIED,no,Suggestions use unique exact normalized names ONLY; verify manually.
102,Yarmoliuk,102,Yarmoliuk,,,MATCH / UNVERIFIED,no,Suggestions use unique exact normalized names ONLY; verify manually.
103,Dasilva,103,Dasilva,,,MATCH / UNVERIFIED,no,Suggestions use unique exact normalized names ONLY; verify manually.
104,Onyeka,104,Onyeka,,,MATCH / UNVERIFIED,no,Suggestions use unique exact normalized names ONLY; verify manually.
105,Anthony,105,Anthony,,,MATCH / UNVERIFIED,no,Suggestions use unique exact normalized names ONLY; verify manually.
106,Thiago,106,Thiago,,,MATCH / UNVERIFIED,no,Suggestions use unique exact normalized names ONLY; verify manually.
107,Furo,107,Furo,,,MATCH / UNVERIFIED,no,Suggestions use unique exact normalized names ONLY; verify manually.
108,Wilson,108,Wilson,,,MATCH / UNVERIFIED,no,Suggestions use unique exact normalized names ONLY; verify manually.
109,Verbruggen,109,Verbruggen,,,MATCH / UNVERIFIED,no,Suggestions use unique exact normalized names ONLY; verify manually.
110,Rushworth,110,Rushworth,,,MATCH / UNVERIFIED,no,Suggestions use unique exact normalized names ONLY; verify manually.
111,Steele,111,Steele,,,MATCH / UNVERIFIED,no,Suggestions use unique exact normalized names ONLY; verify manually.
112,Van Hecke,112,Van Hecke,,,MATCH / UNVERIFIED,no,Suggestions use unique exact normalized names ONLY; verify manually.
113,F.Kadıoğlu,113,F.Kadıoğlu,,,MATCH / UNVERIFIED,no,Suggestions use unique exact normalized names ONLY; verify manually.
114,Boscagli,114,Boscagli,,,MATCH / UNVERIFIED,no,Suggestions use unique exact normalized names ONLY; verify manually.
115,De Cuyper,115,De Cuyper,,,MATCH / UNVERIFIED,no,Suggestions use unique exact normalized names ONLY; verify manually.
116,Dunk,116,Dunk,,,MATCH / UNVERIFIED,no,Suggestions use unique exact normalized names ONLY; verify manually.
117,Coppola,117,Coppola,,,MATCH / UNVERIFIED,no,Suggestions use unique exact normalized names ONLY; verify manually.
118,Igor,118,Igor,,,MATCH / UNVERIFIED,no,Suggestions use unique exact normalized names ONLY; verify manually.
119,Costinha,119,Costinha,,,MATCH / UNVERIFIED,no,Suggestions use unique exact normalized names ONLY; verify manually.
120,Svoboda,120,Svoboda,,,MATCH / UNVERIFIED,no,Suggestions use unique exact normalized names ONLY; verify manually.
121,Mitoma,121,Mitoma,,,MATCH / UNVERIFIED,no,Suggestions use unique exact normalized names ONLY; verify manually.
122,Minteh,122,Minteh,,,MATCH / UNVERIFIED,no,Suggestions use unique exact normalized names ONLY; verify manually.
123,Hinshelwood,123,Hinshelwood,,,MATCH / UNVERIFIED,no,Suggestions use unique exact normalized names ONLY; verify manually.
124,Groß,124,Groß,,,MATCH / UNVERIFIED,no,Suggestions use unique exact normalized names ONLY; verify manually.
125,Georginio,125,Georginio,,,MATCH / UNVERIFIED,no,Suggestions use unique exact normalized names ONLY; verify manually.
126,O'Riley,126,O'Riley,,,MATCH / UNVERIFIED,no,Suggestions use unique exact normalized names ONLY; verify manually.
127,Gomez,127,Gomez,,,MATCH / UNVERIFIED,no,Suggestions use unique exact normalized names ONLY; verify manually.
128,Buonanotte,128,Buonanotte,,,MATCH / UNVERIFIED,no,Suggestions use unique exact normalized names ONLY; verify manually.
129,Ayari,129,Ayari,,,MATCH / UNVERIFIED,no,Suggestions use unique exact normalized names ONLY; verify manually.
130,Wieffer,130,Wieffer,,,MATCH / UNVERIFIED,no,Suggestions use unique exact normalized names ONLY; verify manually.
131,Baleba,131,Baleba,,,MATCH / UNVERIFIED,no,Suggestions use unique exact normalized names ONLY; verify manually.
132,Howell,132,Howell,,,MATCH / UNVERIFIED,no,Suggestions use unique exact normalized names ONLY; verify manually.
133,Watson,133,Watson,,,MATCH / UNVERIFIED,no,Suggestions use unique exact normalized names ONLY; verify manually.
134,Oriola,134,Oriola,,,MATCH / UNVERIFIED,no,Suggestions use unique exact normalized names ONLY; verify manually.
135,Yohanna,135,Yohanna,,,MATCH / UNVERIFIED,no,Suggestions use unique exact normalized names ONLY; verify manually.
136,Welbeck,136,Welbeck,,,MATCH / UNVERIFIED,no,Suggestions use unique exact normalized names ONLY; verify manually.
137,Tzimas,137,Tzimas,,,MATCH / UNVERIFIED,no,Suggestions use unique exact normalized names ONLY; verify manually.
138,Kostoulas,138,Kostoulas,,,MATCH / UNVERIFIED,no,Suggestions use unique exact normalized names ONLY; verify manually.
139,Ferguson,139,Ferguson,,,MATCH / UNVERIFIED,no,Suggestions use unique exact normalized names ONLY; verify manually.
140,Sánchez,140,Sánchez,,,MATCH / UNVERIFIED,no,Suggestions use unique exact normalized names ONLY; verify manually.
141,Jörgensen,141,Jörgensen,,,MATCH / UNVERIFIED,no,Suggestions use unique exact normalized names ONLY; verify manually.
142,James,142,James,,,MATCH / UNVERIFIED,no,Suggestions use unique exact normalized names ONLY; verify manually.
143,Chalobah,143,Chalobah,,,MATCH / UNVERIFIED,no,Suggestions use unique exact normalized names ONLY; verify manually.
144,Gusto,144,Gusto,,,MATCH / UNVERIFIED,no,Suggestions use unique exact normalized names ONLY; verify manually.
145,Fofana,145,Fofana,,,MATCH / UNVERIFIED,no,Suggestions use unique exact normalized names ONLY; verify manually.
146,B.Badiashile,146,B.Badiashile,,,MATCH / UNVERIFIED,no,Suggestions use unique exact normalized names ONLY; verify manually.
147,Tosin,147,Tosin,,,MATCH / UNVERIFIED,no,Suggestions use unique exact normalized names ONLY; verify manually.
148,Hato,148,Hato,,,MATCH / UNVERIFIED,no,Suggestions use unique exact normalized names ONLY; verify manually.
149,Colwill,149,Colwill,,,MATCH / UNVERIFIED,no,Suggestions use unique exact normalized names ONLY; verify manually.
150,M.Sarr,150,M.Sarr,,,MATCH / UNVERIFIED,no,Suggestions use unique exact normalized names ONLY; verify manually.
151,Acheampong,151,Acheampong,,,MATCH / UNVERIFIED,no,Suggestions use unique exact normalized names ONLY; verify manually.
152,Palestra,152,Palestra,,,MATCH / UNVERIFIED,no,Suggestions use unique exact normalized names ONLY; verify manually.
153,Disasi,153,Disasi,,,MATCH / UNVERIFIED,no,Suggestions use unique exact normalized names ONLY; verify manually.
154,Palmer,154,Palmer,,,MATCH / UNVERIFIED,no,Suggestions use unique exact normalized names ONLY; verify manually.
155,Enzo,155,Enzo,,,MATCH / UNVERIFIED,no,Suggestions use unique exact normalized names ONLY; verify manually.
156,Neto,156,Neto,,,MATCH / UNVERIFIED,no,Suggestions use unique exact normalized names ONLY; verify manually.
157,Estêvão,157,Estêvão,,,MATCH / UNVERIFIED,no,Suggestions use unique exact normalized names ONLY; verify manually.
158,Gittens,158,Gittens,,,MATCH / UNVERIFIED,no,Suggestions use unique exact normalized names ONLY; verify manually.
159,Caicedo,159,Caicedo,,,MATCH / UNVERIFIED,no,Suggestions use unique exact normalized names ONLY; verify manually.
160,Garnacho,160,Garnacho,,,MATCH / UNVERIFIED,no,Suggestions use unique exact normalized names ONLY; verify manually.
161,Lavia,161,Lavia,,,MATCH / UNVERIFIED,no,Suggestions use unique exact normalized names ONLY; verify manually.
162,Andrey Santos,162,Andrey Santos,,,MATCH / UNVERIFIED,no,Suggestions use unique exact normalized names ONLY; verify manually.
163,D.Essugo,163,D.Essugo,,,MATCH / UNVERIFIED,no,Suggestions use unique exact normalized names ONLY; verify manually.
164,Quenda,164,Quenda,,,MATCH / UNVERIFIED,no,Suggestions use unique exact normalized names ONLY; verify manually.
165,João Pedro,165,João Pedro,,,MATCH / UNVERIFIED,no,Suggestions use unique exact normalized names ONLY; verify manually.
166,N.Jackson,166,N.Jackson,,,MATCH / UNVERIFIED,no,Suggestions use unique exact normalized names ONLY; verify manually.
167,Delap,167,Delap,,,MATCH / UNVERIFIED,no,Suggestions use unique exact normalized names ONLY; verify manually.
168,Marc Guiu,168,Marc Guiu,,,MATCH / UNVERIFIED,no,Suggestions use unique exact normalized names ONLY; verify manually.
169,Mheuka,169,Mheuka,,,MATCH / UNVERIFIED,no,Suggestions use unique exact normalized names ONLY; verify manually.
170,Emegha,170,Emegha,,,MATCH / UNVERIFIED,no,Suggestions use unique exact normalized names ONLY; verify manually.
171,Dovin,171,Dovin,,,MATCH / UNVERIFIED,no,Suggestions use unique exact normalized names ONLY; verify manually.
172,Wilson,172,Wilson,,,MATCH / UNVERIFIED,no,Suggestions use unique exact normalized names ONLY; verify manually.
173,Thomas,173,Thomas,,,MATCH / UNVERIFIED,no,Suggestions use unique exact normalized names ONLY; verify manually.
174,Kitching,174,Kitching,,,MATCH / UNVERIFIED,no,Suggestions use unique exact normalized names ONLY; verify manually.
175,van Ewijk,175,van Ewijk,,,MATCH / UNVERIFIED,no,Suggestions use unique exact normalized names ONLY; verify manually.
176,Dasilva,176,Dasilva,,,MATCH / UNVERIFIED,no,Suggestions use unique exact normalized names ONLY; verify manually.
177,Kesler-Hayden,177,Kesler-Hayden,,,MATCH / UNVERIFIED,no,Suggestions use unique exact normalized names ONLY; verify manually.
178,Bidwell,178,Bidwell,,,MATCH / UNVERIFIED,no,Suggestions use unique exact normalized names ONLY; verify manually.
179,Latibeaudiere,179,Latibeaudiere,,,MATCH / UNVERIFIED,no,Suggestions use unique exact normalized names ONLY; verify manually.
180,Woolfenden,180,Woolfenden,,,MATCH / UNVERIFIED,no,Suggestions use unique exact normalized names ONLY; verify manually.
181,Brau,181,Brau,,,MATCH / UNVERIFIED,no,Suggestions use unique exact normalized names ONLY; verify manually.
182,Amenda,182,Amenda,,,MATCH / UNVERIFIED,no,Suggestions use unique exact normalized names ONLY; verify manually.
183,Rudoni,183,Rudoni,,,MATCH / UNVERIFIED,no,Suggestions use unique exact normalized names ONLY; verify manually.
184,Grimes,184,Grimes,,,MATCH / UNVERIFIED,no,Suggestions use unique exact normalized names ONLY; verify manually.
185,Sakamoto,185,Sakamoto,,,MATCH / UNVERIFIED,no,Suggestions use unique exact normalized names ONLY; verify manually.
186,Mason-Clark,186,Mason-Clark,,,MATCH / UNVERIFIED,no,Suggestions use unique exact normalized names ONLY; verify manually.
187,Eccles,187,Eccles,,,MATCH / UNVERIFIED,no,Suggestions use unique exact normalized names ONLY; verify manually.
188,Torp,188,Torp,,,MATCH / UNVERIFIED,no,Suggestions use unique exact normalized names ONLY; verify manually.
189,Shepherd,189,Shepherd,,,MATCH / UNVERIFIED,no,Suggestions use unique exact normalized names ONLY; verify manually.
190,Tchaouna,190,Tchaouna,,,MATCH / UNVERIFIED,no,Suggestions use unique exact normalized names ONLY; verify manually.
191,Borges Rodrigues,191,Borges Rodrigues,,,MATCH / UNVERIFIED,no,Suggestions use unique exact normalized names ONLY; verify manually.
192,Andrews,192,Andrews,,,MATCH / UNVERIFIED,no,Suggestions use unique exact normalized names ONLY; verify manually.
193,Wright,193,Wright,,,MATCH / UNVERIFIED,no,Suggestions use unique exact normalized names ONLY; verify manually.
194,Thomas-Asante,194,Thomas-Asante,,,MATCH / UNVERIFIED,no,Suggestions use unique exact normalized names ONLY; verify manually.
195,Simms,195,Simms,,,MATCH / UNVERIFIED,no,Suggestions use unique exact normalized names ONLY; verify manually.
196,Markelo,196,Markelo,,,MATCH / UNVERIFIED,no,Suggestions use unique exact normalized names ONLY; verify manually.
197,Bassette,197,Bassette,,,MATCH / UNVERIFIED,no,Suggestions use unique exact normalized names ONLY; verify manually.
198,Henderson,198,Henderson,,,MATCH / UNVERIFIED,no,Suggestions use unique exact normalized names ONLY; verify manually.
199,Benitez,199,Benitez,,,MATCH / UNVERIFIED,no,Suggestions use unique exact normalized names ONLY; verify manually.
200,Lacroix,200,Lacroix,,,MATCH / UNVERIFIED,no,Suggestions use unique exact normalized names ONLY; verify manually.
201,Muñoz,201,Muñoz,,,MATCH / UNVERIFIED,no,Suggestions use unique exact normalized names ONLY; verify manually.
202,Richards,202,Richards,,,MATCH / UNVERIFIED,no,Suggestions use unique exact normalized names ONLY; verify manually.
203,Canvot,203,Canvot,,,MATCH / UNVERIFIED,no,Suggestions use unique exact normalized names ONLY; verify manually.
204,Mitchell,204,Mitchell,,,MATCH / UNVERIFIED,no,Suggestions use unique exact normalized names ONLY; verify manually.
205,Sosa,205,Sosa,,,MATCH / UNVERIFIED,no,Suggestions use unique exact normalized names ONLY; verify manually.
206,Chadi Riad,206,Chadi Riad,,,MATCH / UNVERIFIED,no,Suggestions use unique exact normalized names ONLY; verify manually.
207,Mingueza,207,Mingueza,,,MATCH / UNVERIFIED,no,Suggestions use unique exact normalized names ONLY; verify manually.
208,Sarr,208,Sarr,,,MATCH / UNVERIFIED,no,Suggestions use unique exact normalized names ONLY; verify manually.
209,Johnson,209,Johnson,,,MATCH / UNVERIFIED,no,Suggestions use unique exact normalized names ONLY; verify manually.
210,Wharton,210,Wharton,,,MATCH / UNVERIFIED,no,Suggestions use unique exact normalized names ONLY; verify manually.
211,Yeremy,211,Yeremy,,,MATCH / UNVERIFIED,no,Suggestions use unique exact normalized names ONLY; verify manually.
212,Hughes,212,Hughes,,,MATCH / UNVERIFIED,no,Suggestions use unique exact normalized names ONLY; verify manually.
213,Lerma,213,Lerma,,,MATCH / UNVERIFIED,no,Suggestions use unique exact normalized names ONLY; verify manually.
214,Kamada,214,Kamada,,,MATCH / UNVERIFIED,no,Suggestions use unique exact normalized names ONLY; verify manually.
215,Devenny,215,Devenny,,,MATCH / UNVERIFIED,no,Suggestions use unique exact normalized names ONLY; verify manually.
216,Esse,216,Esse,,,MATCH / UNVERIFIED,no,Suggestions use unique exact normalized names ONLY; verify manually.
217,M.França,217,M.França,,,MATCH / UNVERIFIED,no,Suggestions use unique exact normalized names ONLY; verify manually.
218,Doucouré,218,Doucouré,,,MATCH / UNVERIFIED,no,Suggestions use unique exact normalized names ONLY; verify manually.
219,J.Rak-Sakyi,219,J.Rak-Sakyi,,,MATCH / UNVERIFIED,no,Suggestions use unique exact normalized names ONLY; verify manually.
220,Cardines,220,Cardines,,,MATCH / UNVERIFIED,no,Suggestions use unique exact normalized names ONLY; verify manually.
221,Drakes-Thomas,221,Drakes-Thomas,,,MATCH / UNVERIFIED,no,Suggestions use unique exact normalized names ONLY; verify manually.
222,Strand Larsen,222,Strand Larsen,,,MATCH / UNVERIFIED,no,Suggestions use unique exact normalized names ONLY; verify manually.
223,Mateta,223,Mateta,,,MATCH / UNVERIFIED,no,Suggestions use unique exact normalized names ONLY; verify manually.
224,Nketiah,224,Nketiah,,,MATCH / UNVERIFIED,no,Suggestions use unique exact normalized names ONLY; verify manually.
225,Uche,225,Uche,,,MATCH / UNVERIFIED,no,Suggestions use unique exact normalized names ONLY; verify manually.
226,Pickford,226,Pickford,,,MATCH / UNVERIFIED,no,Suggestions use unique exact normalized names ONLY; verify manually.
227,Travers,227,Travers,,,MATCH / UNVERIFIED,no,Suggestions use unique exact normalized names ONLY; verify manually.
228,King,228,King,,,MATCH / UNVERIFIED,no,Suggestions use unique exact normalized names ONLY; verify manually.
229,Tarkowski,229,Tarkowski,,,MATCH / UNVERIFIED,no,Suggestions use unique exact normalized names ONLY; verify manually.
230,Branthwaite,230,Branthwaite,,,MATCH / UNVERIFIED,no,Suggestions use unique exact normalized names ONLY; verify manually.
231,Keane,231,Keane,,,MATCH / UNVERIFIED,no,Suggestions use unique exact normalized names ONLY; verify manually.
232,O'Brien,232,O'Brien,,,MATCH / UNVERIFIED,no,Suggestions use unique exact normalized names ONLY; verify manually.
233,Mykolenko,233,Mykolenko,,,MATCH / UNVERIFIED,no,Suggestions use unique exact normalized names ONLY; verify manually.
234,Patterson,234,Patterson,,,MATCH / UNVERIFIED,no,Suggestions use unique exact normalized names ONLY; verify manually.
235,Aznou,235,Aznou,,,MATCH / UNVERIFIED,no,Suggestions use unique exact normalized names ONLY; verify manually.
236,Dewsbury-Hall,236,Dewsbury-Hall,,,MATCH / UNVERIFIED,no,Suggestions use unique exact normalized names ONLY; verify manually.
237,Ndiaye,237,Ndiaye,,,MATCH / UNVERIFIED,no,Suggestions use unique exact normalized names ONLY; verify manually.
238,Grealish,238,Grealish,,,MATCH / UNVERIFIED,no,Suggestions use unique exact normalized names ONLY; verify manually.
239,Garner,239,Garner,,,MATCH / UNVERIFIED,no,Suggestions use unique exact normalized names ONLY; verify manually.
240,Iroegbunam,240,Iroegbunam,,,MATCH / UNVERIFIED,no,Suggestions use unique exact normalized names ONLY; verify manually.
241,McNeil,241,McNeil,,,MATCH / UNVERIFIED,no,Suggestions use unique exact normalized names ONLY; verify manually.
242,George,242,George,,,MATCH / UNVERIFIED,no,Suggestions use unique exact normalized names ONLY; verify manually.
243,Alcaraz,243,Alcaraz,,,MATCH / UNVERIFIED,no,Suggestions use unique exact normalized names ONLY; verify manually.
244,Armstrong,244,Armstrong,,,MATCH / UNVERIFIED,no,Suggestions use unique exact normalized names ONLY; verify manually.
245,Dibling,245,Dibling,,,MATCH / UNVERIFIED,no,Suggestions use unique exact normalized names ONLY; verify manually.
246,Röhl,246,Röhl,,,MATCH / UNVERIFIED,no,Suggestions use unique exact normalized names ONLY; verify manually.
247,Hackney,247,Hackney,,,MATCH / UNVERIFIED,no,Suggestions use unique exact normalized names ONLY; verify manually.
248,Beto,248,Beto,,,MATCH / UNVERIFIED,no,Suggestions use unique exact normalized names ONLY; verify manually.
249,Barry,249,Barry,,,MATCH / UNVERIFIED,no,Suggestions use unique exact normalized names ONLY; verify manually.
250,Leno,250,Leno,,,MATCH / UNVERIFIED,no,Suggestions use unique exact normalized names ONLY; verify manually.
251,Lecomte,251,Lecomte,,,MATCH / UNVERIFIED,no,Suggestions use unique exact normalized names ONLY; verify manually.
252,McNally,252,McNally,,,MATCH / UNVERIFIED,no,Suggestions use unique exact normalized names ONLY; verify manually.
253,Andersen,253,Andersen,,,MATCH / UNVERIFIED,no,Suggestions use unique exact normalized names ONLY; verify manually.
254,Robinson,254,Robinson,,,MATCH / UNVERIFIED,no,Suggestions use unique exact normalized names ONLY; verify manually.
255,J.Cuenca,255,J.Cuenca,,,MATCH / UNVERIFIED,no,Suggestions use unique exact normalized names ONLY; verify manually.
256,Tete,256,Tete,,,MATCH / UNVERIFIED,no,Suggestions use unique exact normalized names ONLY; verify manually.
257,Bassey,257,Bassey,,,MATCH / UNVERIFIED,no,Suggestions use unique exact normalized names ONLY; verify manually.
258,Castagne,258,Castagne,,,MATCH / UNVERIFIED,no,Suggestions use unique exact normalized names ONLY; verify manually.
259,Diop,259,Diop,,,MATCH / UNVERIFIED,no,Suggestions use unique exact normalized names ONLY; verify manually.
260,Wilson,260,Wilson,,,MATCH / UNVERIFIED,no,Suggestions use unique exact normalized names ONLY; verify manually.
261,Iwobi,261,Iwobi,,,MATCH / UNVERIFIED,no,Suggestions use unique exact normalized names ONLY; verify manually.
262,Smith Rowe,262,Smith Rowe,,,MATCH / UNVERIFIED,no,Suggestions use unique exact normalized names ONLY; verify manually.
263,Kevin,263,Kevin,,,MATCH / UNVERIFIED,no,Suggestions use unique exact normalized names ONLY; verify manually.
264,Bobb,264,Bobb,,,MATCH / UNVERIFIED,no,Suggestions use unique exact normalized names ONLY; verify manually.
265,Berge,265,Berge,,,MATCH / UNVERIFIED,no,Suggestions use unique exact normalized names ONLY; verify manually.
266,Cairney,266,Cairney,,,MATCH / UNVERIFIED,no,Suggestions use unique exact normalized names ONLY; verify manually.
267,Lukić,267,Lukić,,,MATCH / UNVERIFIED,no,Suggestions use unique exact normalized names ONLY; verify manually.
268,King,268,King,,,MATCH / UNVERIFIED,no,Suggestions use unique exact normalized names ONLY; verify manually.
269,Sessegnon,269,Sessegnon,,,MATCH / UNVERIFIED,no,Suggestions use unique exact normalized names ONLY; verify manually.
270,Reed,270,Reed,,,MATCH / UNVERIFIED,no,Suggestions use unique exact normalized names ONLY; verify manually.
271,Muniz,271,Muniz,,,MATCH / UNVERIFIED,no,Suggestions use unique exact normalized names ONLY; verify manually.
272,Kusi-Asare,272,Kusi-Asare,,,MATCH / UNVERIFIED,no,Suggestions use unique exact normalized names ONLY; verify manually.
273,Phillips,273,Phillips,,,MATCH / UNVERIFIED,no,Suggestions use unique exact normalized names ONLY; verify manually.
274,Butland,274,Butland,,,MATCH / UNVERIFIED,no,Suggestions use unique exact normalized names ONLY; verify manually.
275,Cartwright,275,Cartwright,,,MATCH / UNVERIFIED,no,Suggestions use unique exact normalized names ONLY; verify manually.
276,Lo-Tutala,276,Lo-Tutala,,,MATCH / UNVERIFIED,no,Suggestions use unique exact normalized names ONLY; verify manually.
277,Egan,277,Egan,,,MATCH / UNVERIFIED,no,Suggestions use unique exact normalized names ONLY; verify manually.
278,Hughes,278,Hughes,,,MATCH / UNVERIFIED,no,Suggestions use unique exact normalized names ONLY; verify manually.
279,Ajayi,279,Ajayi,,,MATCH / UNVERIFIED,no,Suggestions use unique exact normalized names ONLY; verify manually.
280,Coyle,280,Coyle,,,MATCH / UNVERIFIED,no,Suggestions use unique exact normalized names ONLY; verify manually.
281,Drameh,281,Drameh,,,MATCH / UNVERIFIED,no,Suggestions use unique exact normalized names ONLY; verify manually.
282,Giles,282,Giles,,,MATCH / UNVERIFIED,no,Suggestions use unique exact normalized names ONLY; verify manually.
283,Jacob,283,Jacob,,,MATCH / UNVERIFIED,no,Suggestions use unique exact normalized names ONLY; verify manually.
284,McCarthy,284,McCarthy,,,MATCH / UNVERIFIED,no,Suggestions use unique exact normalized names ONLY; verify manually.
285,McNair,285,McNair,,,MATCH / UNVERIFIED,no,Suggestions use unique exact normalized names ONLY; verify manually.
286,Belloumi,286,Belloumi,,,MATCH / UNVERIFIED,no,Suggestions use unique exact normalized names ONLY; verify manually.
287,Millar,287,Millar,,,MATCH / UNVERIFIED,no,Suggestions use unique exact normalized names ONLY; verify manually.
288,Dowell,288,Dowell,,,MATCH / UNVERIFIED,no,Suggestions use unique exact normalized names ONLY; verify manually.
289,Crooks,289,Crooks,,,MATCH / UNVERIFIED,no,Suggestions use unique exact normalized names ONLY; verify manually.
290,Slater,290,Slater,,,MATCH / UNVERIFIED,no,Suggestions use unique exact normalized names ONLY; verify manually.
291,Matazo,291,Matazo,,,MATCH / UNVERIFIED,no,Suggestions use unique exact normalized names ONLY; verify manually.
292,Ömür,292,Ömür,,,MATCH / UNVERIFIED,no,Suggestions use unique exact normalized names ONLY; verify manually.
293,Kamara,293,Kamara,,,MATCH / UNVERIFIED,no,Suggestions use unique exact normalized names ONLY; verify manually.
294,Zambrano,294,Zambrano,,,MATCH / UNVERIFIED,no,Suggestions use unique exact normalized names ONLY; verify manually.
295,McBurnie,295,McBurnie,,,MATCH / UNVERIFIED,no,Suggestions use unique exact normalized names ONLY; verify manually.
296,Akintola,296,Akintola,,,MATCH / UNVERIFIED,no,Suggestions use unique exact normalized names ONLY; verify manually.
297,Gyabi,297,Gyabi,,,MATCH / UNVERIFIED,no,Suggestions use unique exact normalized names ONLY; verify manually.
298,Destan,298,Destan,,,MATCH / UNVERIFIED,no,Suggestions use unique exact normalized names ONLY; verify manually.
299,Burstow,299,Burstow,,,MATCH / UNVERIFIED,no,Suggestions use unique exact normalized names ONLY; verify manually.
300,Walton,300,Walton,,,MATCH / UNVERIFIED,no,Suggestions use unique exact normalized names ONLY; verify manually.
301,Palmer,301,Palmer,,,MATCH / UNVERIFIED,no,Suggestions use unique exact normalized names ONLY; verify manually.
302,Button,302,Button,,,MATCH / UNVERIFIED,no,Suggestions use unique exact normalized names ONLY; verify manually.
303,Kipré,303,Kipré,,,MATCH / UNVERIFIED,no,Suggestions use unique exact normalized names ONLY; verify manually.
304,O'Shea,304,O'Shea,,,MATCH / UNVERIFIED,no,Suggestions use unique exact normalized names ONLY; verify manually.
305,Davis,305,Davis,,,MATCH / UNVERIFIED,no,Suggestions use unique exact normalized names ONLY; verify manually.
306,Greaves,306,Greaves,,,MATCH / UNVERIFIED,no,Suggestions use unique exact normalized names ONLY; verify manually.
307,Johnson,307,Johnson,,,MATCH / UNVERIFIED,no,Suggestions use unique exact normalized names ONLY; verify manually.
308,Furlong,308,Furlong,,,MATCH / UNVERIFIED,no,Suggestions use unique exact normalized names ONLY; verify manually.
309,Núñez,309,Núñez,,,MATCH / UNVERIFIED,no,Suggestions use unique exact normalized names ONLY; verify manually.
310,Matusiwa,310,Matusiwa,,,MATCH / UNVERIFIED,no,Suggestions use unique exact normalized names ONLY; verify manually.
311,Burns,311,Burns,,,MATCH / UNVERIFIED,no,Suggestions use unique exact normalized names ONLY; verify manually.
312,Taylor,312,Taylor,,,MATCH / UNVERIFIED,no,Suggestions use unique exact normalized names ONLY; verify manually.
313,Clarke,313,Clarke,,,MATCH / UNVERIFIED,no,Suggestions use unique exact normalized names ONLY; verify manually.
314,Ogbene,314,Ogbene,,,MATCH / UNVERIFIED,no,Suggestions use unique exact normalized names ONLY; verify manually.
315,Fatawu,315,Fatawu,,,MATCH / UNVERIFIED,no,Suggestions use unique exact normalized names ONLY; verify manually.
316,Emersonn,316,Emersonn,,,MATCH / UNVERIFIED,no,Suggestions use unique exact normalized names ONLY; verify manually.
317,Hirst,317,Hirst,,,MATCH / UNVERIFIED,no,Suggestions use unique exact normalized names ONLY; verify manually.
318,Philogene,318,Philogene,,,MATCH / UNVERIFIED,no,Suggestions use unique exact normalized names ONLY; verify manually.
319,Szmodics,319,Szmodics,,,MATCH / UNVERIFIED,no,Suggestions use unique exact normalized names ONLY; verify manually.
320,Akpom,320,Akpom,,,MATCH / UNVERIFIED,no,Suggestions use unique exact normalized names ONLY; verify manually.
321,Walle Egeli,321,Walle Egeli,,,MATCH / UNVERIFIED,no,Suggestions use unique exact normalized names ONLY; verify manually.
322,Al-Hamadi,322,Al-Hamadi,,,MATCH / UNVERIFIED,no,Suggestions use unique exact normalized names ONLY; verify manually.
323,McAteer,323,McAteer,,,MATCH / UNVERIFIED,no,Suggestions use unique exact normalized names ONLY; verify manually.
324,Mehmeti,324,Mehmeti,,,MATCH / UNVERIFIED,no,Suggestions use unique exact normalized names ONLY; verify manually.
325,Darlow,325,Darlow,,,MATCH / UNVERIFIED,no,Suggestions use unique exact normalized names ONLY; verify manually.
326,Perri,326,Perri,,,MATCH / UNVERIFIED,no,Suggestions use unique exact normalized names ONLY; verify manually.
327,Bijol,327,Bijol,,,MATCH / UNVERIFIED,no,Suggestions use unique exact normalized names ONLY; verify manually.
328,Struijk,328,Struijk,,,MATCH / UNVERIFIED,no,Suggestions use unique exact normalized names ONLY; verify manually.
329,Rodon,329,Rodon,,,MATCH / UNVERIFIED,no,Suggestions use unique exact normalized names ONLY; verify manually.
330,Bogle,330,Bogle,,,MATCH / UNVERIFIED,no,Suggestions use unique exact normalized names ONLY; verify manually.
331,Gudmundsson,331,Gudmundsson,,,MATCH / UNVERIFIED,no,Suggestions use unique exact normalized names ONLY; verify manually.
332,Justin,332,Justin,,,MATCH / UNVERIFIED,no,Suggestions use unique exact normalized names ONLY; verify manually.
333,Bornauw,333,Bornauw,,,MATCH / UNVERIFIED,no,Suggestions use unique exact normalized names ONLY; verify manually.
334,Muharemović,334,Muharemović,,,MATCH / UNVERIFIED,no,Suggestions use unique exact normalized names ONLY; verify manually.
335,Stach,335,Stach,,,MATCH / UNVERIFIED,no,Suggestions use unique exact normalized names ONLY; verify manually.
336,Okafor,336,Okafor,,,MATCH / UNVERIFIED,no,Suggestions use unique exact normalized names ONLY; verify manually.
337,Aaronson,337,Aaronson,,,MATCH / UNVERIFIED,no,Suggestions use unique exact normalized names ONLY; verify manually.
338,Ampadu,338,Ampadu,,,MATCH / UNVERIFIED,no,Suggestions use unique exact normalized names ONLY; verify manually.
339,Longstaff,339,Longstaff,,,MATCH / UNVERIFIED,no,Suggestions use unique exact normalized names ONLY; verify manually.
340,Gelhardt,340,Gelhardt,,,MATCH / UNVERIFIED,no,Suggestions use unique exact normalized names ONLY; verify manually.
341,Gnonto,341,Gnonto,,,MATCH / UNVERIFIED,no,Suggestions use unique exact normalized names ONLY; verify manually.
342,Harrison,342,Harrison,,,MATCH / UNVERIFIED,no,Suggestions use unique exact normalized names ONLY; verify manually.
343,James,343,James,,,MATCH / UNVERIFIED,no,Suggestions use unique exact normalized names ONLY; verify manually.
344,Gruev,344,Gruev,,,MATCH / UNVERIFIED,no,Suggestions use unique exact normalized names ONLY; verify manually.
345,Tanaka,345,Tanaka,,,MATCH / UNVERIFIED,no,Suggestions use unique exact normalized names ONLY; verify manually.
346,Calvert-Lewin,346,Calvert-Lewin,,,MATCH / UNVERIFIED,no,Suggestions use unique exact normalized names ONLY; verify manually.
347,Nmecha,347,Nmecha,,,MATCH / UNVERIFIED,no,Suggestions use unique exact normalized names ONLY; verify manually.
348,Piroe,348,Piroe,,,MATCH / UNVERIFIED,no,Suggestions use unique exact normalized names ONLY; verify manually.
349,Mateo Joseph,349,Mateo Joseph,,,MATCH / UNVERIFIED,no,Suggestions use unique exact normalized names ONLY; verify manually.
350,A.Becker,350,A.Becker,,,MATCH / UNVERIFIED,no,Suggestions use unique exact normalized names ONLY; verify manually.
351,Mamardashvili,351,Mamardashvili,,,MATCH / UNVERIFIED,no,Suggestions use unique exact normalized names ONLY; verify manually.
352,Woodman,352,Woodman,,,MATCH / UNVERIFIED,no,Suggestions use unique exact normalized names ONLY; verify manually.
353,Pecsi,353,Pecsi,,,MATCH / UNVERIFIED,no,Suggestions use unique exact normalized names ONLY; verify manually.
354,Jaros,354,Jaros,,,MATCH / UNVERIFIED,no,Suggestions use unique exact normalized names ONLY; verify manually.
355,Davies,355,Davies,,,MATCH / UNVERIFIED,no,Suggestions use unique exact normalized names ONLY; verify manually.
356,Virgil,356,Virgil,,,MATCH / UNVERIFIED,no,Suggestions use unique exact normalized names ONLY; verify manually.
357,Frimpong,357,Frimpong,,,MATCH / UNVERIFIED,no,Suggestions use unique exact normalized names ONLY; verify manually.
358,Kerkez,358,Kerkez,,,MATCH / UNVERIFIED,no,Suggestions use unique exact normalized names ONLY; verify manually.
359,Gomez,359,Gomez,,,MATCH / UNVERIFIED,no,Suggestions use unique exact normalized names ONLY; verify manually.
360,Bradley,360,Bradley,,,MATCH / UNVERIFIED,no,Suggestions use unique exact normalized names ONLY; verify manually.
361,Lucky,361,Lucky,,,MATCH / UNVERIFIED,no,Suggestions use unique exact normalized names ONLY; verify manually.
362,Jacquet,362,Jacquet,,,MATCH / UNVERIFIED,no,Suggestions use unique exact normalized names ONLY; verify manually.
363,Leoni,363,Leoni,,,MATCH / UNVERIFIED,no,Suggestions use unique exact normalized names ONLY; verify manually.
364,Tsimikas,364,Tsimikas,,,MATCH / UNVERIFIED,no,Suggestions use unique exact normalized names ONLY; verify manually.
365,Ramsay,365,Ramsay,,,MATCH / UNVERIFIED,no,Suggestions use unique exact normalized names ONLY; verify manually.
366,Wirtz,366,Wirtz,,,MATCH / UNVERIFIED,no,Suggestions use unique exact normalized names ONLY; verify manually.
367,Gakpo,367,Gakpo,,,MATCH / UNVERIFIED,no,Suggestions use unique exact normalized names ONLY; verify manually.
368,Szoboszlai,368,Szoboszlai,,,MATCH / UNVERIFIED,no,Suggestions use unique exact normalized names ONLY; verify manually.
369,Ngumoha,369,Ngumoha,,,MATCH / UNVERIFIED,no,Suggestions use unique exact normalized names ONLY; verify manually.
370,Chiesa,370,Chiesa,,,MATCH / UNVERIFIED,no,Suggestions use unique exact normalized names ONLY; verify manually.
371,Gravenberch,371,Gravenberch,,,MATCH / UNVERIFIED,no,Suggestions use unique exact normalized names ONLY; verify manually.
372,Mac Allister,372,Mac Allister,,,MATCH / UNVERIFIED,no,Suggestions use unique exact normalized names ONLY; verify manually.
373,C.Jones,373,C.Jones,,,MATCH / UNVERIFIED,no,Suggestions use unique exact normalized names ONLY; verify manually.
374,Endo,374,Endo,,,MATCH / UNVERIFIED,no,Suggestions use unique exact normalized names ONLY; verify manually.
375,Nyoni,375,Nyoni,,,MATCH / UNVERIFIED,no,Suggestions use unique exact normalized names ONLY; verify manually.
376,Bajcetic,376,Bajcetic,,,MATCH / UNVERIFIED,no,Suggestions use unique exact normalized names ONLY; verify manually.
377,Munoz,377,Munoz,,,MATCH / UNVERIFIED,no,Suggestions use unique exact normalized names ONLY; verify manually.
378,McConnell,378,McConnell,,,MATCH / UNVERIFIED,no,Suggestions use unique exact normalized names ONLY; verify manually.
379,Isak,379,Isak,,,MATCH / UNVERIFIED,no,Suggestions use unique exact normalized names ONLY; verify manually.
380,Ekitiké,380,Ekitiké,,,MATCH / UNVERIFIED,no,Suggestions use unique exact normalized names ONLY; verify manually.
381,Koumas,381,Koumas,,,MATCH / UNVERIFIED,no,Suggestions use unique exact normalized names ONLY; verify manually.
382,Danns,382,Danns,,,MATCH / UNVERIFIED,no,Suggestions use unique exact normalized names ONLY; verify manually.
383,Elliott,383,Elliott,,,MATCH / UNVERIFIED,no,Suggestions use unique exact normalized names ONLY; verify manually.
384,Donnarumma,384,Donnarumma,,,MATCH / UNVERIFIED,no,Suggestions use unique exact normalized names ONLY; verify manually.
385,Trafford,385,Trafford,,,MATCH / UNVERIFIED,no,Suggestions use unique exact normalized names ONLY; verify manually.
386,Bettinelli,386,Bettinelli,,,MATCH / UNVERIFIED,no,Suggestions use unique exact normalized names ONLY; verify manually.
387,O'Reilly,387,O'Reilly,,,MATCH / UNVERIFIED,no,Suggestions use unique exact normalized names ONLY; verify manually.
388,Guéhi,388,Guéhi,,,MATCH / UNVERIFIED,no,Suggestions use unique exact normalized names ONLY; verify manually.
389,Matheus N.,389,Matheus N.,,,MATCH / UNVERIFIED,no,Suggestions use unique exact normalized names ONLY; verify manually.
390,Rúben,390,Rúben,,,MATCH / UNVERIFIED,no,Suggestions use unique exact normalized names ONLY; verify manually.
391,Gvardiol,391,Gvardiol,,,MATCH / UNVERIFIED,no,Suggestions use unique exact normalized names ONLY; verify manually.
392,Aït-Nouri,392,Aït-Nouri,,,MATCH / UNVERIFIED,no,Suggestions use unique exact normalized names ONLY; verify manually.
393,Khusanov,393,Khusanov,,,MATCH / UNVERIFIED,no,Suggestions use unique exact normalized names ONLY; verify manually.
394,Alleyne,394,Alleyne,,,MATCH / UNVERIFIED,no,Suggestions use unique exact normalized names ONLY; verify manually.
395,Lewis,395,Lewis,,,MATCH / UNVERIFIED,no,Suggestions use unique exact normalized names ONLY; verify manually.
396,Vitor Reis,396,Vitor Reis,,,MATCH / UNVERIFIED,no,Suggestions use unique exact normalized names ONLY; verify manually.
397,Semenyo,397,Semenyo,,,MATCH / UNVERIFIED,no,Suggestions use unique exact normalized names ONLY; verify manually.
398,Foden,398,Foden,,,MATCH / UNVERIFIED,no,Suggestions use unique exact normalized names ONLY; verify manually.
399,Cherki,399,Cherki,,,MATCH / UNVERIFIED,no,Suggestions use unique exact normalized names ONLY; verify manually.
400,Doku,400,Doku,,,MATCH / UNVERIFIED,no,Suggestions use unique exact normalized names ONLY; verify manually.
401,Marmoush,401,Marmoush,,,MATCH / UNVERIFIED,no,Suggestions use unique exact normalized names ONLY; verify manually.
402,Rodrigo,402,Rodrigo,,,MATCH / UNVERIFIED,no,Suggestions use unique exact normalized names ONLY; verify manually.
403,Sávio,403,Sávio,,,MATCH / UNVERIFIED,no,Suggestions use unique exact normalized names ONLY; verify manually.
404,Reijnders,404,Reijnders,,,MATCH / UNVERIFIED,no,Suggestions use unique exact normalized names ONLY; verify manually.
405,N.Gonzalez,405,N.Gonzalez,,,MATCH / UNVERIFIED,no,Suggestions use unique exact normalized names ONLY; verify manually.
406,Kovačić,406,Kovačić,,,MATCH / UNVERIFIED,no,Suggestions use unique exact normalized names ONLY; verify manually.
407,Echeverri,407,Echeverri,,,MATCH / UNVERIFIED,no,Suggestions use unique exact normalized names ONLY; verify manually.
408,Phillips,408,Phillips,,,MATCH / UNVERIFIED,no,Suggestions use unique exact normalized names ONLY; verify manually.
409,Mukasa,409,Mukasa,,,MATCH / UNVERIFIED,no,Suggestions use unique exact normalized names ONLY; verify manually.
410,Monga,410,Monga,,,MATCH / UNVERIFIED,no,Suggestions use unique exact normalized names ONLY; verify manually.
411,Haaland,411,Haaland,,,MATCH / UNVERIFIED,no,Suggestions use unique exact normalized names ONLY; verify manually.
412,Lammens,412,Lammens,,,MATCH / UNVERIFIED,no,Suggestions use unique exact normalized names ONLY; verify manually.
413,Bayindir,413,Bayindir,,,MATCH / UNVERIFIED,no,Suggestions use unique exact normalized names ONLY; verify manually.
414,Heaton,414,Heaton,,,MATCH / UNVERIFIED,no,Suggestions use unique exact normalized names ONLY; verify manually.
415,Dorgu,415,Dorgu,,,MATCH / UNVERIFIED,no,Suggestions use unique exact normalized names ONLY; verify manually.
416,De Ligt,416,De Ligt,,,MATCH / UNVERIFIED,no,Suggestions use unique exact normalized names ONLY; verify manually.
417,Dalot,417,Dalot,,,MATCH / UNVERIFIED,no,Suggestions use unique exact normalized names ONLY; verify manually.
418,Maguire,418,Maguire,,,MATCH / UNVERIFIED,no,Suggestions use unique exact normalized names ONLY; verify manually.
419,Martinez,419,Martinez,,,MATCH / UNVERIFIED,no,Suggestions use unique exact normalized names ONLY; verify manually.
420,Yoro,420,Yoro,,,MATCH / UNVERIFIED,no,Suggestions use unique exact normalized names ONLY; verify manually.
421,Heaven,421,Heaven,,,MATCH / UNVERIFIED,no,Suggestions use unique exact normalized names ONLY; verify manually.
422,Mazraoui,422,Mazraoui,,,MATCH / UNVERIFIED,no,Suggestions use unique exact normalized names ONLY; verify manually.
423,Shaw,423,Shaw,,,MATCH / UNVERIFIED,no,Suggestions use unique exact normalized names ONLY; verify manually.
424,Amass,424,Amass,,,MATCH / UNVERIFIED,no,Suggestions use unique exact normalized names ONLY; verify manually.
425,Fredricson,425,Fredricson,,,MATCH / UNVERIFIED,no,Suggestions use unique exact normalized names ONLY; verify manually.
426,B.Fernandes,426,B.Fernandes,,,MATCH / UNVERIFIED,no,Suggestions use unique exact normalized names ONLY; verify manually.
427,Mbeumo,427,Mbeumo,,,MATCH / UNVERIFIED,no,Suggestions use unique exact normalized names ONLY; verify manually.
428,Cunha,428,Cunha,,,MATCH / UNVERIFIED,no,Suggestions use unique exact normalized names ONLY; verify manually.
429,Rashford,429,Rashford,,,MATCH / UNVERIFIED,no,Suggestions use unique exact normalized names ONLY; verify manually.
430,Mount,430,Mount,,,MATCH / UNVERIFIED,no,Suggestions use unique exact normalized names ONLY; verify manually.
431,Amad,431,Amad,,,MATCH / UNVERIFIED,no,Suggestions use unique exact normalized names ONLY; verify manually.
432,Mainoo,432,Mainoo,,,MATCH / UNVERIFIED,no,Suggestions use unique exact normalized names ONLY; verify manually.
433,Ugarte,433,Ugarte,,,MATCH / UNVERIFIED,no,Suggestions use unique exact normalized names ONLY; verify manually.
434,J.Fletcher,434,J.Fletcher,,,MATCH / UNVERIFIED,no,Suggestions use unique exact normalized names ONLY; verify manually.
435,Lacey,435,Lacey,,,MATCH / UNVERIFIED,no,Suggestions use unique exact normalized names ONLY; verify manually.
436,Collyer,436,Collyer,,,MATCH / UNVERIFIED,no,Suggestions use unique exact normalized names ONLY; verify manually.
437,Bendito Mantato,437,Bendito Mantato,,,MATCH / UNVERIFIED,no,Suggestions use unique exact normalized names ONLY; verify manually.
438,Fletcher,438,Fletcher,,,MATCH / UNVERIFIED,no,Suggestions use unique exact normalized names ONLY; verify manually.
439,Šeško,439,Šeško,,,MATCH / UNVERIFIED,no,Suggestions use unique exact normalized names ONLY; verify manually.
440,Zirkzee,440,Zirkzee,,,MATCH / UNVERIFIED,no,Suggestions use unique exact normalized names ONLY; verify manually.
441,Obi,441,Obi,,,MATCH / UNVERIFIED,no,Suggestions use unique exact normalized names ONLY; verify manually.
442,Pope,442,Pope,,,MATCH / UNVERIFIED,no,Suggestions use unique exact normalized names ONLY; verify manually.
443,Gillespie,443,Gillespie,,,MATCH / UNVERIFIED,no,Suggestions use unique exact normalized names ONLY; verify manually.
444,Jaouen,444,Jaouen,,,MATCH / UNVERIFIED,no,Suggestions use unique exact normalized names ONLY; verify manually.
445,Thiaw,445,Thiaw,,,MATCH / UNVERIFIED,no,Suggestions use unique exact normalized names ONLY; verify manually.
446,Schär,446,Schär,,,MATCH / UNVERIFIED,no,Suggestions use unique exact normalized names ONLY; verify manually.
447,Botman,447,Botman,,,MATCH / UNVERIFIED,no,Suggestions use unique exact normalized names ONLY; verify manually.
448,Burn,448,Burn,,,MATCH / UNVERIFIED,no,Suggestions use unique exact normalized names ONLY; verify manually.
449,Hall,449,Hall,,,MATCH / UNVERIFIED,no,Suggestions use unique exact normalized names ONLY; verify manually.
450,Livramento,450,Livramento,,,MATCH / UNVERIFIED,no,Suggestions use unique exact normalized names ONLY; verify manually.
451,A.Murphy,451,A.Murphy,,,MATCH / UNVERIFIED,no,Suggestions use unique exact normalized names ONLY; verify manually.
452,Bruno G.,452,Bruno G.,,,MATCH / UNVERIFIED,no,Suggestions use unique exact normalized names ONLY; verify manually.
453,Barnes,453,Barnes,,,MATCH / UNVERIFIED,no,Suggestions use unique exact normalized names ONLY; verify manually.
454,Elanga,454,Elanga,,,MATCH / UNVERIFIED,no,Suggestions use unique exact normalized names ONLY; verify manually.
455,Tonali,455,Tonali,,,MATCH / UNVERIFIED,no,Suggestions use unique exact normalized names ONLY; verify manually.
456,J.Ramsey,456,J.Ramsey,,,MATCH / UNVERIFIED,no,Suggestions use unique exact normalized names ONLY; verify manually.
457,J.Murphy,457,J.Murphy,,,MATCH / UNVERIFIED,no,Suggestions use unique exact normalized names ONLY; verify manually.
458,Joelinton,458,Joelinton,,,MATCH / UNVERIFIED,no,Suggestions use unique exact normalized names ONLY; verify manually.
459,L.Miley,459,L.Miley,,,MATCH / UNVERIFIED,no,Suggestions use unique exact normalized names ONLY; verify manually.
460,Willock,460,Willock,,,MATCH / UNVERIFIED,no,Suggestions use unique exact normalized names ONLY; verify manually.
461,Touré,461,Touré,,,MATCH / UNVERIFIED,no,Suggestions use unique exact normalized names ONLY; verify manually.
462,Steur,462,Steur,,,MATCH / UNVERIFIED,no,Suggestions use unique exact normalized names ONLY; verify manually.
463,Woltemade,463,Woltemade,,,MATCH / UNVERIFIED,no,Suggestions use unique exact normalized names ONLY; verify manually.
464,Wissa,464,Wissa,,,MATCH / UNVERIFIED,no,Suggestions use unique exact normalized names ONLY; verify manually.
465,Osula,465,Osula,,,MATCH / UNVERIFIED,no,Suggestions use unique exact normalized names ONLY; verify manually.
466,Neave,466,Neave,,,MATCH / UNVERIFIED,no,Suggestions use unique exact normalized names ONLY; verify manually.
467,Sels,467,Sels,,,MATCH / UNVERIFIED,no,Suggestions use unique exact normalized names ONLY; verify manually.
468,John,468,John,,,MATCH / UNVERIFIED,no,Suggestions use unique exact normalized names ONLY; verify manually.
469,N.Williams,469,N.Williams,,,MATCH / UNVERIFIED,no,Suggestions use unique exact normalized names ONLY; verify manually.
470,Morato,470,Morato,,,MATCH / UNVERIFIED,no,Suggestions use unique exact normalized names ONLY; verify manually.
471,Milenković,471,Milenković,,,MATCH / UNVERIFIED,no,Suggestions use unique exact normalized names ONLY; verify manually.
472,Murillo,472,Murillo,,,MATCH / UNVERIFIED,no,Suggestions use unique exact normalized names ONLY; verify manually.
473,Aina,473,Aina,,,MATCH / UNVERIFIED,no,Suggestions use unique exact normalized names ONLY; verify manually.
474,Jair Cunha,474,Jair Cunha,,,MATCH / UNVERIFIED,no,Suggestions use unique exact normalized names ONLY; verify manually.
475,Savona,475,Savona,,,MATCH / UNVERIFIED,no,Suggestions use unique exact normalized names ONLY; verify manually.
476,O.Richards,476,O.Richards,,,MATCH / UNVERIFIED,no,Suggestions use unique exact normalized names ONLY; verify manually.
477,Abbott,477,Abbott,,,MATCH / UNVERIFIED,no,Suggestions use unique exact normalized names ONLY; verify manually.
478,Netz,478,Netz,,,MATCH / UNVERIFIED,no,Suggestions use unique exact normalized names ONLY; verify manually.
479,Bindon,479,Bindon,,,MATCH / UNVERIFIED,no,Suggestions use unique exact normalized names ONLY; verify manually.
480,Gibbs-White,480,Gibbs-White,,,MATCH / UNVERIFIED,no,Suggestions use unique exact normalized names ONLY; verify manually.
481,Anderson,481,Anderson,,,MATCH / UNVERIFIED,no,Suggestions use unique exact normalized names ONLY; verify manually.
482,Hudson-Odoi,482,Hudson-Odoi,,,MATCH / UNVERIFIED,no,Suggestions use unique exact normalized names ONLY; verify manually.
483,Ndoye,483,Ndoye,,,MATCH / UNVERIFIED,no,Suggestions use unique exact normalized names ONLY; verify manually.
484,Hutchinson,484,Hutchinson,,,MATCH / UNVERIFIED,no,Suggestions use unique exact normalized names ONLY; verify manually.
485,Bakwa,485,Bakwa,,,MATCH / UNVERIFIED,no,Suggestions use unique exact normalized names ONLY; verify manually.
486,McAtee,486,McAtee,,,MATCH / UNVERIFIED,no,Suggestions use unique exact normalized names ONLY; verify manually.
487,Dominguez,487,Dominguez,,,MATCH / UNVERIFIED,no,Suggestions use unique exact normalized names ONLY; verify manually.
488,I.Sangaré,488,I.Sangaré,,,MATCH / UNVERIFIED,no,Suggestions use unique exact normalized names ONLY; verify manually.
489,Yates,489,Yates,,,MATCH / UNVERIFIED,no,Suggestions use unique exact normalized names ONLY; verify manually.
490,Wood,490,Wood,,,MATCH / UNVERIFIED,no,Suggestions use unique exact normalized names ONLY; verify manually.
491,Igor Jesus,491,Igor Jesus,,,MATCH / UNVERIFIED,no,Suggestions use unique exact normalized names ONLY; verify manually.
492,Awoniyi,492,Awoniyi,,,MATCH / UNVERIFIED,no,Suggestions use unique exact normalized names ONLY; verify manually.
493,Kalimuendo,493,Kalimuendo,,,MATCH / UNVERIFIED,no,Suggestions use unique exact normalized names ONLY; verify manually.
494,Vicario,494,Vicario,,,MATCH / UNVERIFIED,no,Suggestions use unique exact normalized names ONLY; verify manually.
495,Austin,495,Austin,,,MATCH / UNVERIFIED,no,Suggestions use unique exact normalized names ONLY; verify manually.
496,Kinsky,496,Kinsky,,,MATCH / UNVERIFIED,no,Suggestions use unique exact normalized names ONLY; verify manually.
497,Dubravka,497,Dubravka,,,MATCH / UNVERIFIED,no,Suggestions use unique exact normalized names ONLY; verify manually.
498,Senesi,498,Senesi,,,MATCH / UNVERIFIED,no,Suggestions use unique exact normalized names ONLY; verify manually.
499,Pedro Porro,499,Pedro Porro,,,MATCH / UNVERIFIED,no,Suggestions use unique exact normalized names ONLY; verify manually.
500,Romero,500,Romero,,,MATCH / UNVERIFIED,no,Suggestions use unique exact normalized names ONLY; verify manually.
501,Danso,501,Danso,,,MATCH / UNVERIFIED,no,Suggestions use unique exact normalized names ONLY; verify manually.
502,Robertson,502,Robertson,,,MATCH / UNVERIFIED,no,Suggestions use unique exact normalized names ONLY; verify manually.
503,Van de Ven,503,Van de Ven,,,MATCH / UNVERIFIED,no,Suggestions use unique exact normalized names ONLY; verify manually.
504,Vuskovic,504,Vuskovic,,,MATCH / UNVERIFIED,no,Suggestions use unique exact normalized names ONLY; verify manually.
505,Spence,505,Spence,,,MATCH / UNVERIFIED,no,Suggestions use unique exact normalized names ONLY; verify manually.
506,Udogie,506,Udogie,,,MATCH / UNVERIFIED,no,Suggestions use unique exact normalized names ONLY; verify manually.
507,Phillips,507,Phillips,,,MATCH / UNVERIFIED,no,Suggestions use unique exact normalized names ONLY; verify manually.
508,Davies,508,Davies,,,MATCH / UNVERIFIED,no,Suggestions use unique exact normalized names ONLY; verify manually.
509,Byfield,509,Byfield,,,MATCH / UNVERIFIED,no,Suggestions use unique exact normalized names ONLY; verify manually.
510,Rowswell,510,Rowswell,,,MATCH / UNVERIFIED,no,Suggestions use unique exact normalized names ONLY; verify manually.
511,Souza,511,Souza,,,MATCH / UNVERIFIED,no,Suggestions use unique exact normalized names ONLY; verify manually.
512,Kudus,512,Kudus,,,MATCH / UNVERIFIED,no,Suggestions use unique exact normalized names ONLY; verify manually.
513,Xavi,513,Xavi,,,MATCH / UNVERIFIED,no,Suggestions use unique exact normalized names ONLY; verify manually.
514,Tel,514,Tel,,,MATCH / UNVERIFIED,no,Suggestions use unique exact normalized names ONLY; verify manually.
515,Maddison,515,Maddison,,,MATCH / UNVERIFIED,no,Suggestions use unique exact normalized names ONLY; verify manually.
516,Bentancur,516,Bentancur,,,MATCH / UNVERIFIED,no,Suggestions use unique exact normalized names ONLY; verify manually.
517,Odobert,517,Odobert,,,MATCH / UNVERIFIED,no,Suggestions use unique exact normalized names ONLY; verify manually.
518,P.M.Sarr,518,P.M.Sarr,,,MATCH / UNVERIFIED,no,Suggestions use unique exact normalized names ONLY; verify manually.
519,Gallagher,519,Gallagher,,,MATCH / UNVERIFIED,no,Suggestions use unique exact normalized names ONLY; verify manually.
520,Bergvall,520,Bergvall,,,MATCH / UNVERIFIED,no,Suggestions use unique exact normalized names ONLY; verify manually.
521,Kulusevski,521,Kulusevski,,,MATCH / UNVERIFIED,no,Suggestions use unique exact normalized names ONLY; verify manually.
522,Gray,522,Gray,,,MATCH / UNVERIFIED,no,Suggestions use unique exact normalized names ONLY; verify manually.
523,Moore,523,Moore,,,MATCH / UNVERIFIED,no,Suggestions use unique exact normalized names ONLY; verify manually.
524,Olusesi,524,Olusesi,,,MATCH / UNVERIFIED,no,Suggestions use unique exact normalized names ONLY; verify manually.
525,Fernandes,525,Fernandes,,,MATCH / UNVERIFIED,no,Suggestions use unique exact normalized names ONLY; verify manually.
526,Solanke,526,Solanke,,,MATCH / UNVERIFIED,no,Suggestions use unique exact normalized names ONLY; verify manually.
527,Richarlison,527,Richarlison,,,MATCH / UNVERIFIED,no,Suggestions use unique exact normalized names ONLY; verify manually.
528,Scarlett,528,Scarlett,,,MATCH / UNVERIFIED,no,Suggestions use unique exact normalized names ONLY; verify manually.
529,Roefs,529,Roefs,,,MATCH / UNVERIFIED,no,Suggestions use unique exact normalized names ONLY; verify manually.
530,Patterson,530,Patterson,,,MATCH / UNVERIFIED,no,Suggestions use unique exact normalized names ONLY; verify manually.
531,Ellborg,531,Ellborg,,,MATCH / UNVERIFIED,no,Suggestions use unique exact normalized names ONLY; verify manually.
532,Ballard,532,Ballard,,,MATCH / UNVERIFIED,no,Suggestions use unique exact normalized names ONLY; verify manually.
533,Mukiele,533,Mukiele,,,MATCH / UNVERIFIED,no,Suggestions use unique exact normalized names ONLY; verify manually.
534,Hume,534,Hume,,,MATCH / UNVERIFIED,no,Suggestions use unique exact normalized names ONLY; verify manually.
535,Alderete,535,Alderete,,,MATCH / UNVERIFIED,no,Suggestions use unique exact normalized names ONLY; verify manually.
536,Reinildo,536,Reinildo,,,MATCH / UNVERIFIED,no,Suggestions use unique exact normalized names ONLY; verify manually.
537,Seelt,537,Seelt,,,MATCH / UNVERIFIED,no,Suggestions use unique exact normalized names ONLY; verify manually.
538,Hjelde,538,Hjelde,,,MATCH / UNVERIFIED,no,Suggestions use unique exact normalized names ONLY; verify manually.
539,O'Nien,539,O'Nien,,,MATCH / UNVERIFIED,no,Suggestions use unique exact normalized names ONLY; verify manually.
540,Masuaku,540,Masuaku,,,MATCH / UNVERIFIED,no,Suggestions use unique exact normalized names ONLY; verify manually.
541,Meunier,541,Meunier,,,MATCH / UNVERIFIED,no,Suggestions use unique exact normalized names ONLY; verify manually.
542,E.Le Fée,542,E.Le Fée,,,MATCH / UNVERIFIED,no,Suggestions use unique exact normalized names ONLY; verify manually.
543,Diarra,543,Diarra,,,MATCH / UNVERIFIED,no,Suggestions use unique exact normalized names ONLY; verify manually.
544,Xhaka,544,Xhaka,,,MATCH / UNVERIFIED,no,Suggestions use unique exact normalized names ONLY; verify manually.
545,Sadiki,545,Sadiki,,,MATCH / UNVERIFIED,no,Suggestions use unique exact normalized names ONLY; verify manually.
546,Adingra,546,Adingra,,,MATCH / UNVERIFIED,no,Suggestions use unique exact normalized names ONLY; verify manually.
547,Mundle,547,Mundle,,,MATCH / UNVERIFIED,no,Suggestions use unique exact normalized names ONLY; verify manually.
548,Rigg,548,Rigg,,,MATCH / UNVERIFIED,no,Suggestions use unique exact normalized names ONLY; verify manually.
549,Talbi,549,Talbi,,,MATCH / UNVERIFIED,no,Suggestions use unique exact normalized names ONLY; verify manually.
550,Jocelin.T,550,Jocelin.T,,,MATCH / UNVERIFIED,no,Suggestions use unique exact normalized names ONLY; verify manually.
551,N.Angulo,551,N.Angulo,,,MATCH / UNVERIFIED,no,Suggestions use unique exact normalized names ONLY; verify manually.
552,Brobbey,552,Brobbey,,,MATCH / UNVERIFIED,no,Suggestions use unique exact normalized names ONLY; verify manually.
553,Isidor,553,Isidor,,,MATCH / UNVERIFIED,no,Suggestions use unique exact normalized names ONLY; verify manually.
554,Tzolis,554,Van Oevelen,557,Tzolis,NAME MISMATCH - CHECK,no,Suggestions use unique exact normalized names ONLY; verify manually.
555,Silva,555,Matthews,566,Silva,NAME MISMATCH - CHECK,no,Suggestions use unique exact normalized names ONLY; verify manually.
556,M.Sangaré,556,Targett,565,M.Sangaré,NAME MISMATCH - CHECK,no,Suggestions use unique exact normalized names ONLY; verify manually.
557,Penders,557,Tzolis,560,Penders,NAME MISMATCH - CHECK,no,Suggestions use unique exact normalized names ONLY; verify manually.
558,Anselmino,558,Schlager,561,Anselmino,NAME MISMATCH - CHECK,no,Suggestions use unique exact normalized names ONLY; verify manually.
559,Matthews,559,Bamba,555,Matthews,NAME MISMATCH - CHECK,no,Suggestions use unique exact normalized names ONLY; verify manually.
560,Targett,560,Penders,556,Targett,NAME MISMATCH - CHECK,no,Suggestions use unique exact normalized names ONLY; verify manually.
561,Morita,561,Anselmino,563,Morita,NAME MISMATCH - CHECK,no,Suggestions use unique exact normalized names ONLY; verify manually.
562,Van Oevelen,562,Maeda,554,Van Oevelen,NAME MISMATCH - CHECK,no,Suggestions use unique exact normalized names ONLY; verify manually.
563,Maeda,563,Morita,562,Maeda,NAME MISMATCH - CHECK,no,Suggestions use unique exact normalized names ONLY; verify manually.
564,Scherpen,564,Scherpen,,,MATCH / UNVERIFIED,no,Suggestions use unique exact normalized names ONLY; verify manually.
565,Bamba,565,M.Sangaré,559,Bamba,NAME MISMATCH - CHECK,no,Suggestions use unique exact normalized names ONLY; verify manually.
566,Horníček,566,Silva,567,Horníček,NAME MISMATCH - CHECK,no,Suggestions use unique exact normalized names ONLY; verify manually.
567,Schlager,567,Horníček,558,Schlager,NAME MISMATCH - CHECK,no,Suggestions use unique exact normalized names ONLY; verify manually.
568,Barco,568,Barco,,,MATCH / UNVERIFIED,no,Suggestions use unique exact normalized names ONLY; verify manually.
569,Gonzalo,569,Gonzalo,,,MATCH / UNVERIFIED,no,Suggestions use unique exact normalized names ONLY; verify manually.
570,Palacios,570,Palacios,,,MATCH / UNVERIFIED,no,Suggestions use unique exact normalized names ONLY; verify manually.
571,Tzolakis,571,Florentino,572,Tzolakis,NAME MISMATCH - CHECK,no,Suggestions use unique exact normalized names ONLY; verify manually.
572,Florentino,572,Tzolakis,571,Florentino,NAME MISMATCH - CHECK,no,Suggestions use unique exact normalized names ONLY; verify manually.
573,Sanchez,573,Sanchez,,,MATCH / UNVERIFIED,no,Suggestions use unique exact normalized names ONLY; verify manually.
574,Yirenkyi,574,Hjertø-Dahl,575,Yirenkyi,NAME MISMATCH - CHECK,no,Suggestions use unique exact normalized names ONLY; verify manually.
575,Tomiyasu,575,Yirenkyi,577,Tomiyasu,NAME MISMATCH - CHECK,no,Suggestions use unique exact normalized names ONLY; verify manually.
576,Hjertø-Dahl,576,Stroud,574,Hjertø-Dahl,NAME MISMATCH - CHECK,no,Suggestions use unique exact normalized names ONLY; verify manually.
577,Stroud,577,Tomiyasu,576,Stroud,NAME MISMATCH - CHECK,no,Suggestions use unique exact normalized names ONLY; verify manually.
578,Mudryk,578,Mudryk,,,MATCH / UNVERIFIED,no,Suggestions use unique exact normalized names ONLY; verify manually.
579,Charles,579,Araujo,580,Charles,NAME MISMATCH - CHECK,no,Suggestions use unique exact normalized names ONLY; verify manually.
580,Araujo,580,Charles,579,Araujo,NAME MISMATCH - CHECK,no,Suggestions use unique exact normalized names ONLY; verify manually.
581,Diomande,581,Diomande,,,MATCH / UNVERIFIED,no,Suggestions use unique exact normalized names ONLY; verify manually.
582,Madjo,582,Madjo,,,MATCH / UNVERIFIED,no,Suggestions use unique exact normalized names ONLY; verify manually.
583,Chavarria,583,Chavarria,,,MATCH / UNVERIFIED,no,Suggestions use unique exact normalized names ONLY; verify manually.
584,Hamer,584,Hamer,,,MATCH / UNVERIFIED,no,Suggestions use unique exact normalized names ONLY; verify manually.
585,Herrington,585,Herrington,,,MATCH / UNVERIFIED,no,Suggestions use unique exact normalized names ONLY; verify manually.
586,Mendy,586,Mendy,,,MATCH / UNVERIFIED,no,Suggestions use unique exact normalized names ONLY; verify manually.
587,Rulli,587,Rulli,,,MATCH / UNVERIFIED,no,Suggestions use unique exact normalized names ONLY; verify manually.
588,Khalaili,588,Khalaili,,,MATCH / UNVERIFIED,no,Suggestions use unique exact normalized names ONLY; verify manually.
589,Gourna-Douath,589,Gourna-Douath,,,MATCH / UNVERIFIED,no,Suggestions use unique exact normalized names ONLY; verify manually.
590,Benda,590,Benda,,,MATCH / UNVERIFIED,no,Suggestions use unique exact normalized names ONLY; verify manually.
591,Enciso,591,Enciso,,,MATCH / UNVERIFIED,no,Suggestions use unique exact normalized names ONLY; verify manually.
592,Ouattara,592,Ouattara,,,MATCH / UNVERIFIED,no,Suggestions use unique exact normalized names ONLY; verify manually.
593,David,593,Dedić,594,David,NAME MISMATCH - CHECK,no,Suggestions use unique exact normalized names ONLY; verify manually.
594,Gozo,594,David,595,Gozo,NAME MISMATCH - CHECK,no,Suggestions use unique exact normalized names ONLY; verify manually.
595,Dedić,595,Gozo,593,Dedić,NAME MISMATCH - CHECK,no,Suggestions use unique exact normalized names ONLY; verify manually.
596,Ruggeri,596,Ruggeri,,,MATCH / UNVERIFIED,no,Suggestions use unique exact normalized names ONLY; verify manually.
597,Suzuki,597,Suzuki,,,MATCH / UNVERIFIED,no,Suggestions use unique exact normalized names ONLY; verify manually.
598,Cherif,598,Elvedi,599,Cherif,NAME MISMATCH - CHECK,no,Suggestions use unique exact normalized names ONLY; verify manually.
599,Elvedi,599,Cherif,598,Elvedi,NAME MISMATCH - CHECK,no,Suggestions use unique exact normalized names ONLY; verify manually.
600,Osman,600,Osman,,,MATCH / UNVERIFIED,no,Suggestions use unique exact normalized names ONLY; verify manually.
601,Humphreys,601,Williams-Barnett,602,Humphreys,NAME MISMATCH - CHECK,no,Suggestions use unique exact normalized names ONLY; verify manually.
602,Lienou,602,Humphreys,603,Lienou,NAME MISMATCH - CHECK,no,Suggestions use unique exact normalized names ONLY; verify manually.
603,Cresswell,603,Lienou,604,Cresswell,NAME MISMATCH - CHECK,no,Suggestions use unique exact normalized names ONLY; verify manually.
604,Williams-Barnett,604,Cresswell,601,Williams-Barnett,NAME MISMATCH - CHECK,no,Suggestions use unique exact normalized names ONLY; verify manually.
605,Rowe,605,Yalcouyé,606,Rowe,NAME MISMATCH - CHECK,no,Suggestions use unique exact normalized names ONLY; verify manually.
606,Lynch,606,Rowe,607,Lynch,NAME MISMATCH - CHECK,no,Suggestions use unique exact normalized names ONLY; verify manually.
607,Jebbison,607,Lynch,608,Jebbison,NAME MISMATCH - CHECK,no,Suggestions use unique exact normalized names ONLY; verify manually.
608,Yalcouyé,608,Jebbison,605,Yalcouyé,NAME MISMATCH - CHECK,no,Suggestions use unique exact normalized names ONLY; verify manually.
609,Shahar,609,Shahar,,,MATCH / UNVERIFIED,no,Suggestions use unique exact normalized names ONLY; verify manually.
610,De Fougerolles,610,De Fougerolles,,,MATCH / UNVERIFIED,no,Suggestions use unique exact normalized names ONLY; verify manually.
611,Wan-Bissaka,611,Wan-Bissaka,,,MATCH / UNVERIFIED,no,Suggestions use unique exact normalized names ONLY; verify manually.
612,Methalie,612,Methalie,,,MATCH / UNVERIFIED,no,Suggestions use unique exact normalized names ONLY; verify manually.
613,Hadjam,613,Ahoka,614,Hadjam,NAME MISMATCH - CHECK,no,Suggestions use unique exact normalized names ONLY; verify manually.
614,Ahoka,614,Hadjam,613,Ahoka,NAME MISMATCH - CHECK,no,Suggestions use unique exact normalized names ONLY; verify manually.
615,Di Gregorio,615,Di Gregorio,,,MATCH / UNVERIFIED,no,Suggestions use unique exact normalized names ONLY; verify manually.
616,Bouaddi,616,Bouaddi,,,MATCH / UNVERIFIED,no,Suggestions use unique exact normalized names ONLY; verify manually.
617,Goretzka,617,Cho,618,Goretzka,NAME MISMATCH - CHECK,no,Suggestions use unique exact normalized names ONLY; verify manually.
618,Cho,618,Goretzka,617,Cho,NAME MISMATCH - CHECK,no,Suggestions use unique exact normalized names ONLY; verify manually.
619,Palacios,619,Palacios,,,MATCH / UNVERIFIED,no,Suggestions use unique exact normalized names ONLY; verify manually.
620,Diouf,620,Diouf,,,MATCH / UNVERIFIED,no,Suggestions use unique exact normalized names ONLY; verify manually.
621,McAidoo,621,McAidoo,,,MATCH / UNVERIFIED,no,Suggestions use unique exact normalized names ONLY; verify manually.
622,Braithwaite,622,Braithwaite,,,MATCH / UNVERIFIED,no,Suggestions use unique exact normalized names ONLY; verify manually.
623,Bentley,623,Bentley,,,MATCH / UNVERIFIED,no,Suggestions use unique exact normalized names ONLY; verify manually.
624,Cozier-Duberry,624,Cozier-Duberry,,,MATCH / UNVERIFIED,no,Suggestions use unique exact normalized names ONLY; verify manually.
625,Zepa,625,Cairns,626,Zepa,NAME MISMATCH - CHECK,no,Suggestions use unique exact normalized names ONLY; verify manually.
626,Cairns,626,Zepa,625,Cairns,NAME MISMATCH - CHECK,no,Suggestions use unique exact normalized names ONLY; verify manually.
627,Zetterer,627,Barcola,629,Zetterer,NAME MISMATCH - CHECK,no,Suggestions use unique exact normalized names ONLY; verify manually.
628,Barcola,628,Allan,627,Barcola,NAME MISMATCH - CHECK,no,Suggestions use unique exact normalized names ONLY; verify manually.
629,Allan,629,Zetterer,628,Allan,NAME MISMATCH - CHECK,no,Suggestions use unique exact normalized names ONLY; verify manually.
630,Harwood-Bellis,630,Harwood-Bellis,,,MATCH / UNVERIFIED,no,Suggestions use unique exact normalized names ONLY; verify manually.
631,Mbaye,631,Mbaye,,,MATCH / UNVERIFIED,no,Suggestions use unique exact normalized names ONLY; verify manually.
632,Andrés,632,Ansah,639,Andrés,NAME MISMATCH - CHECK,no,Suggestions use unique exact normalized names ONLY; verify manually.
633,Ahanor,633,Ahanor,,,MATCH / UNVERIFIED,no,Suggestions use unique exact normalized names ONLY; verify manually.
634,Chilwell,634,Fernandez-Pardo,643,Chilwell,NAME MISMATCH - CHECK,no,Suggestions use unique exact normalized names ONLY; verify manually.
635,Timber,635,Larsson,644,Timber,NAME MISMATCH - CHECK,no,Suggestions use unique exact normalized names ONLY; verify manually.
636,Osorio,636,Ángel,647,Osorio,NAME MISMATCH - CHECK,no,Suggestions use unique exact normalized names ONLY; verify manually.
637,Maitland-Niles,637,Vaz,649,Maitland-Niles,NAME MISMATCH - CHECK,no,Suggestions use unique exact normalized names ONLY; verify manually.
638,Larsson,638,Norton-Cuffy,635,Larsson,NAME MISMATCH - CHECK,no,Suggestions use unique exact normalized names ONLY; verify manually.
639,Ángel,639,Andrés,636,Ángel,NAME MISMATCH - CHECK,no,Suggestions use unique exact normalized names ONLY; verify manually.
640,Affengruber,640,Flemming,650,Affengruber,NAME MISMATCH - CHECK,no,Suggestions use unique exact normalized names ONLY; verify manually.
641,Ansah,641,Bard,632,Ansah,NAME MISMATCH - CHECK,no,Suggestions use unique exact normalized names ONLY; verify manually.
642,Vaz,642,Thomas,637,Vaz,NAME MISMATCH - CHECK,no,Suggestions use unique exact normalized names ONLY; verify manually.
643,Norton-Cuffy,643,Chilwell,638,Norton-Cuffy,NAME MISMATCH - CHECK,no,Suggestions use unique exact normalized names ONLY; verify manually.
644,Thomas,644,Timber,,,NAME MISMATCH - CHECK,no,Suggestions use unique exact normalized names ONLY; verify manually.
645,Mouzakitis,645,Mouzakitis,,,MATCH / UNVERIFIED,no,Suggestions use unique exact normalized names ONLY; verify manually.
646,Flemming,646,Fofana,640,Flemming,NAME MISMATCH - CHECK,no,Suggestions use unique exact normalized names ONLY; verify manually.
647,Bard,647,Osorio,641,Bard,NAME MISMATCH - CHECK,no,Suggestions use unique exact normalized names ONLY; verify manually.
648,Bahoya,648,Bahoya,,,MATCH / UNVERIFIED,no,Suggestions use unique exact normalized names ONLY; verify manually.
649,Fernandez-Pardo,649,Maitland-Niles,634,Fernandez-Pardo,NAME MISMATCH - CHECK,no,Suggestions use unique exact normalized names ONLY; verify manually.
650,Fofana,650,Affengruber,,,NAME MISMATCH - CHECK,no,Suggestions use unique exact normalized names ONLY; verify manually.
651,J.Angulo,651,J.Angulo,,,MATCH / UNVERIFIED,no,Suggestions use unique exact normalized names ONLY; verify manually.
652,Azeez,652,Azeez,,,MATCH / UNVERIFIED,no,Suggestions use unique exact normalized names ONLY; verify manually.
653,Samba,653,Samba,,,MATCH / UNVERIFIED,no,Suggestions use unique exact normalized names ONLY; verify manually.
654,Graham,654,Graham,,,MATCH / UNVERIFIED,no,Suggestions use unique exact normalized names ONLY; verify manually.
655,Gboho,655,Gboho,,,MATCH / UNVERIFIED,no,Suggestions use unique exact normalized names ONLY; verify manually.
656,Mfuni,656,Mfuni,,,MATCH / UNVERIFIED,no,Suggestions use unique exact normalized names ONLY; verify manually.
657,Nunes,657,Nunes,,,MATCH / UNVERIFIED,no,Suggestions use unique exact normalized names ONLY; verify manually.
658,Ibrahim,658,Ibrahim,,,MATCH / UNVERIFIED,no,Suggestions use unique exact normalized names ONLY; verify manually.
659,Miley,659,Miley,,,MATCH / UNVERIFIED,no,Suggestions use unique exact normalized names ONLY; verify manually.
660,Fredrick,660,Fredrick,,,MATCH / UNVERIFIED,no,Suggestions use unique exact normalized names ONLY; verify manually.
661,Balcombe,661,Balcombe,,,MATCH / UNVERIFIED,no,Suggestions use unique exact normalized names ONLY; verify manually.
662,Nicoll-Jazuli,662,Nicoll-Jazuli,,,MATCH / UNVERIFIED,no,Suggestions use unique exact normalized names ONLY; verify manually.
663,Wright,663,Pivas,,,NAME MISMATCH - CHECK,no,Suggestions use unique exact normalized names ONLY; verify manually.
664,Pivas,664,Salia,663,Pivas,NAME MISMATCH - CHECK,no,Suggestions use unique exact normalized names ONLY; verify manually.
665,Salia,665,Mills,664,Salia,NAME MISMATCH - CHECK,no,Suggestions use unique exact normalized names ONLY; verify manually.
666,Mills,666,Thompson,665,Mills,NAME MISMATCH - CHECK,no,Suggestions use unique exact normalized names ONLY; verify manually.
667,Thompson,667,Wright,666,Thompson,NAME MISMATCH - CHECK,no,Suggestions use unique exact normalized names ONLY; verify manually.
